[
  {
    "title": "All Day Event",
    "start": "2025-03-01"
  },
  {
    "title": "Long Event",
    "start": "2025-03-07",
    "end": "2025-03-10"
  },
  {
    "groupId": "999",
    "title": "Repeating Event",
    "start": "2025-03-09T16:00:00+00:00"
  },
  {
    "groupId": "999",
    "title": "Repeating Event",
    "start": "2025-03-16T16:00:00+00:00"
  },
  {
    "title": "Conference",
    "start": "2025-03-10",
    "end": "2025-03-12"
  },
  {
    "title": "Meeting",
    "start": "2025-03-11T10:30:00+00:00",
    "end": "2025-03-11T12:30:00+00:00"
  },
  {
    "title": "Lunch",
    "start": "2025-03-11T12:00:00+00:00"
  },
  {
    "title": "Birthday Party",
    "start": "2025-03-12T07:00:00+00:00"
  },
  {
    "url": "http:\/\/google.com\/",
    "title": "Click for Google",
    "start": "2025-03-28"
  }
]